<?xml version="1.0" encoding="UTF-8"?>
<?xml-model href="Practica_4_5.xsd" type="application/xml" schematypens="http://www.w3.org/2001/XMLSchema"?>
<libreria>
    <libro>
        <titulo>El Quijote</titulo>
        <autor>Cervantes</autor>
        <editorial>Planeta</editorial>
        <isbn>978841234567</isbn>
        <importe>12.34</importe>
        <paginas>1234</paginas>
        <prestado>true</prestado>
        <fechaCompra>2013-03-12</fechaCompra>
        <ubicacion>
            <balda>4</balda>
            <armario>5</armario>
        </ubicacion>
    </libro>

    <libro>
        <titulo>Tomates verdes fritos</titulo>
        <autor>Fannie Flagg</autor>
        <editorial>Planeta</editorial>
        <isbn>97884101010</isbn>
        <importe>9.99</importe>
        <paginas>555</paginas>
        <prestado>false</prestado>
        <fechaCompra>2013-01-12</fechaCompra>
        <ubicacion>
            <armario>2</armario>
            <balda>4</balda>
        </ubicacion>
    </libro>
</libreria>